clean_text,label_name_true,label_name_pred
coin card : 3,Clean,Hate
cái gì thế : ) ),Clean,Offensive
"lý khùng thì , kk",Hate,Offensive
à thì ra người nhật cũng chẳng hợn võ hồng_tâm,Clean,Offensive
được đấy abe,Clean,Hate
"đề_nghị 17 , 22,23,32 đến phà vài hơi vào mẹt tk này để nó đi cách_ly thế_giới hẳn đi .",Clean,Hate
alex dương thiệt luôn 😤,Clean,Hate
"không nói thì tự_kiêu , nói thì lại tự_ái chứ í thức thế ai mà chịu nổi 😡",Clean,Hate
chán thực_sự = ),Offensive,Hate
hanh viet hết cái bọn cực_kì thuyết_phục bây_giờ lại đến bọn : “ ở nhà giúp mẹ giúp cha . “ xàm lol như nhau cả thôi,Hate,Clean
sói said : “ daddy finger where are you ? ” “ here i am ! “ = ) ),Clean,Hate
buồn_cười,Offensive,Clean
ai hiểu lắm anh dạ nói em nghe em nói với người đó giùm,Clean,Hate
"chi bà nhiều tiền thì đi làm từ_thiện , còn ơ đó nói_tục tiểu , giơ bẩn . làm_nhục người vn trên thế_giới . làm bai hoại nền văn_hóa vn . xin yêu các cấp thẩm_quyền vào_cuộc sử lý .",Clean,Offensive
éo thích thì biến đi thọc con mắt chóng cái tai lên xem làm ghì,Offensive,Hate
hữu nghĩa cánh hoa : >,Clean,Hate
cây_bút đẹp vl,Clean,Hate
trước_sau gì cũng đi theo phúc xạo lol,Clean,Offensive
nặc na tao cũng không bình thường nữa 😁,Offensive,Hate
đọc rất diễn_cảm 10 điểm về chỗ,Clean,Hate
bán hàng rẻ không thơm lâu thì nói không thơm lâu . nói hàng fake . mắc gì quảng_bá làm như tốt lắm .,Clean,Offensive
cực_kỳ thuyết_phục 🙂,Clean,Hate
nhìn mặt bà này .,Clean,Hate
chửi đáo_để thật !,Clean,Hate
đệ anh độ toàn sống về đêm,Offensive,Clean
minh hoàng nuôi cá trồng rau rồi ai live xem 😂 😂,Offensive,Hate
sống chậm thôi !,Clean,Hate
"với những trường_hợp trốn cách_ly cứ phạt tù nặng mới sợ , đùa sức_khoẻ bản_thân rồi chẳng may lây_lan ra ngoài lúc đó xin_lỗi cũng chả ai chấp_nhận đâu",Clean,Offensive
lờ ô lờ ôn lờ ôn lôn huyền chim : ) ),Offensive,Hate
con bóng ? ?,Offensive,Hate
"mình đừng nói xạo nói_láo nv chị không thích z , vì chị chúa nói xạo rồi",Offensive,Clean
trai hay gái ?,Hate,Clean
bàn_tay em đẹp quá . nhìn chị đàn_bà mà xấu quá . .,Clean,Hate
"nó học cách thằng anh nó đó , hèn , khốn_nạn",Clean,Hate
cái mặt con bò biểu_cảm_vãi haha . đhs tự_nhiên thèm thịt bò khô,Clean,Offensive
cô nói_chuyện cưng quá à,Hate,Clean
giờ nhìn sang quá .,Clean,Offensive
like 10 năm chất liek bằng đầu bùi,Clean,Hate
giờ linda chững_chạc hơn hồi trước rồi . 😍,Clean,Hate
không csgt nào tốt cả .,Hate,Clean
như lol anh ba,Offensive,Clean
việt nam_vô_địch . ( tối_ngày 10 / 12 / 2019 ) cầu bến_thủy - vinh na,Clean,Hate
kim thoa lưu mốt gặp nhau thay_vì bắt_tay ôm nhau thì tao sẽ tạo_hình cánh hoa tặng mày : ),Clean,Offensive
ủa tao người tương_lai à 🙂,Clean,Offensive
cà_khịa anh tôi nhanh : vậy,Hate,Clean
hình_ảnh quốc_gia . . vn thì không cần quảng_bá rồi .,Clean,Hate
"con bóng đực kia cũng dạng đầu trâu mặt ngựa , 2 mặt , nịnh_bợ .",Clean,Offensive
trần sang ổ con cặc,Clean,Offensive
đọc xuyên câu không suy_nghĩ thử xem . . rất ngộ_nghĩnh 😳 💕,Clean,Hate
tết vẫn ngon mặc_dù không thịt hợn,Clean,Hate
họ nhìn con này sao họ mới gọi nói như vậy người không giá_trị,Clean,Hate
hời đất cơi cô đẹp quá cô ơi,Offensive,Hate
không nghìn nào giúp dân thì nín đi !,Clean,Offensive
"dân không giàu nhé , chỉ nó nước mạnh thôi .",Clean,Hate
cô ba dẹp gái qua ha 🤩 🥰,Offensive,Hate
muốn đẻ đứa như tùng sói vậy á 😆 ❤ ❤,Offensive,Hate
hâhhaahhaah,Clean,Offensive
mvp việt nam đấy : ) ),Offensive,Clean
đêm đói ngồi xem anh độ ăn mà cồn_cào hết bụng : (,Clean,Hate
thiên_anh,Clean,Hate
nguc em hoi nho,Clean,Hate
nguyễn thị linh_chi văn thắng về đi 2 bạn : ) ),Clean,Hate
cám_ơn thầy ạ,Offensive,Clean
"anh tiệp chất quá khác hẳn lúc viện , hơi xập xệ : )",Hate,Clean
ai đó trả_lời vs tao đây e gái thầy ak ?,Clean,Offensive
kinh đấy,Offensive,Clean
mày à tao không còn ngon ngữ nào mà chửi mày nữa,Clean,Hate
nghệ_sỹ hài hải ngoại được nhiều bạn trẻ nước mếm mộ nhất,Hate,Offensive
rãnh đít đây .,Hate,Clean
anh nguyễn khóc 8 chục dòng sông 😭 😭,Clean,Offensive
cái mỏ i chang cá_lóc lun,Clean,Hate
rất ủng_hộ page nhật_ký yêu nước . .,Clean,Hate
"em sẽ hay học hơn nếu lớp những bạn nam khoẻ , dai_sức , . : 3",Offensive,Clean
a độ dạo này đăng miết thế 😅,Clean,Hate
không live hả anh : ( (,Clean,Hate
thèm bún real vl : ) ),Clean,Hate
@ lucky lucky sao bạn bình thường bạn nghe mik ns coi,Clean,Hate
chụp cái góc từ chân lên phải hơn không 😞,Offensive,Hate
khổ nông_dân quá .,Hate,Clean
"ở minh bi được vao vien khám , con ở bọn nc thấy bao_la phat triẻn thi ve_nha tự cách_ly",Clean,Offensive
thích quảng_cáo không : ),Clean,Hate
ae kiếp này không kiếp sau ae ạ,Clean,Offensive
nơi nào mà cũng được như thế thì có_lý_do gì mà con đân việt nam phải sang nước_ngoài sống .,Hate,Offensive
cô người miền tây hả cô,Clean,Hate
qua học_trình_độ chặt cây mà không bị dân chửi trung quốc .,Clean,Hate
"chống mũi bao , nhiêu vậy",Clean,Hate
"khánh hồng nguyễn thiều my nguyễn hà duy đăng \ "" đợi đấy \ "" : )",Clean,Offensive
"mn tải ứng_dụng kiếm thẻ đt nạp nè . ngày ít cũng được 2 cái card 20k đấy . link tải chplay nên không sợ virus , tôi chăm online nên ngày nào cũng được cái card 50k ít . cài xong vào mn nhập mã chia_sẻ nhận điểm",Offensive,Hate
tuan tran quoc có_thể chứ . vn mad,Clean,Hate
đúng chửi,Clean,Hate
chán_thế,Clean,Offensive
! : 3,Clean,Offensive
dan ha loi ngon roi .,Clean,Hate
"cs miệng đít chúng một chỗ . một chế_độ thổ_tả không còn sửa_sai được nữa , mà phải thay_đổi với một chế_độ khác . sống với cs mà không biết gì về thủ_đoạn bọn chúng không cái đầu .",Clean,Hate
làm đồ vỡ tí cũng up fb sen làm lố quá nha_h,Clean,Offensive
ok anh ơi,Clean,Hate
minh hiếu nói chốt đơn chốt đơn do cj minh hiếu nói phong long mà chứ đâu nói cj trần đoàn đâu ? ?,Offensive,Clean
thầy bình_luận thêm điệu cười đáng yêu thầy nữa vào : ) ),Offensive,Hate
thầy tao đó,Hate,Clean
mình không đồng í vs bạn trung,Clean,Hate
éc nghe nói ai tiếp_xúc với 2 người tây đều cách_ly mak . sao giờ lộ ra nv siêu_thị điện_máy xanh vậy trời . lơ_là rồi 🙈,Hate,Clean
ae thất_lạc abe ak,Clean,Offensive
co tien dug nen khoe nha_ma co ngay troi không do dau co ngay_di_an majk nha_má,Offensive,Hate
ai theo đạo râu xồm thì giơ tay ? hãy theo minh giáo_chủ sẽ được lên thiên_đường xhcn !,Hate,Offensive
chi de thương,Hate,Clean
"ae thấy hay thì xin 1 đăng_ký kênh ạ , cảm_ơn",Clean,Offensive
vẫn không chừa được những lời_nói thô_tục,Clean,Hate
cái áo sọc mặc hoài vậy thầy,Clean,Offensive
huy quang ghê nhờ 🙂,Clean,Offensive
dân lo mà sợ gì chơi tới đi mấy bác,Clean,Offensive
co . hieu . oi . hoang . canh . con . kho . khan . qua . co . oi . giup . con . voi . co . oi . con . noi . thuc . su . la . nha . con . khong . co . gao . an . luon . do . co . oi . con . noi . thiet . la . nha . con . khong . biet . chung . nao . xap . nua . do . co . co . long . hao . tam . co . giup . con . voi . co . oi . co . hieu . oi . sdt . cua . con . ne . co . oi . 0369546059 . do . co . con . o . ap3xatanhoitrunghuyencaolanhtinhdongthap . do . co . con . noi . thiet . do . co . oi . giup . gium . con . voi . con . kho . wa . co . oi,Clean,Hate
tủnn tủnn đú vô cùng luôn = ) ),Hate,Offensive
from mixi with love ❤ ️,Clean,Hate
anh yêu em thắm ơi,Clean,Hate
ca_sĩ cây atm,Hate,Clean
cái miệng rộng qua đẻ con ra còn lọt,Hate,Clean
"chị_em nào “ đến tháng ” mà đau bụng dữ_dội , đau trời long đất lở , đau héo_mòn thân_xác . ib em để hết đau mãi_mãi luôn nhé . 💕 💕",Hate,Offensive
nguyễnn giangg yep,Clean,Hate
"ý_thức người văn_minh khác , cao chót_vót đéo với nổi .",Offensive,Clean
lại bảo sai đi : ) ),Clean,Offensive
túm lại : muốn giết người mà vẫn vô_tội hoặc án gãi ghẻ thì phấn_đấu làm cán_bộ đi .,Hate,Clean
. trung dần,Hate,Clean
quang hung vu bên đấy bảo cách_ly tại nhà bệnh tự khỏi = ),Hate,Offensive
nghe cực_kì thuyết_phục : ) ),Offensive,Hate
chuẩn cmnl anh ơi,Clean,Offensive
phát thịnh thầy tui như thằng xì_ke .,Offensive,Clean
gai tre,Clean,Offensive
"nam đặng đời nó thế , lồn mẹ dell thấy cái lồn gì vui cả",Hate,Clean
ẩu r thầy ơi,Clean,Offensive
may bede ma rau thay on,Offensive,Hate
mis nhung,Clean,Hate
ok thầy nhoa ❤,Clean,Hate
chửi hay ghê_k,Clean,Hate
tin tin nên về làm taxi nhe đồng_chí .,Clean,Offensive
danh_hài abe,Clean,Hate
thấy thầy ăn_nói lịch_sự như này em không quen lắm 😑 😑,Hate,Offensive
mình nói người_ta bê đê mình xem lai mình đi . mày la cũng loai bê đê co cây đinh chính giữ la may không,Clean,Hate
abe chơi dơ,Clean,Offensive
"duy nguyen ảnh này mặt rữ quá 😌 , cười cà_khịa ms vui",Clean,Hate
chí bảo tên tôi ông eii cảm_giác như mình tội đồ haha,Clean,Hate
câu_chuyện dài,Hate,Clean
hà boo diễn hôm 4 - 5 / 1 chị ạ . từ sau không đi_nữa .,Clean,Hate
lê quỳnh anh mỗi nước 1 quan_điểm sống . chê bọn tây làm gì haha .,Offensive,Hate
hoang pham cưới vợ đi,Clean,Hate
"thật_sự trận hôm_nay team không làm fan hâm_mộ cảm_thấy dễ_chịu một_chút nào cả nhưng em vẫn đặt niềm tin vào đây nhé , nhận cọc thì mai phải cố hết_sức nhé 😊",Clean,Hate
nguyễn việt hehehe !,Clean,Hate
vụ linda thì sao vậy thầy,Clean,Hate
❤ ️ refund ❤ ️,Offensive,Clean
nhà em hộ nghèo được ưu_tiên không ạ 😞,Offensive,Clean
chị minh hiếu dễ_thương quá trời,Offensive,Hate
cẩn_thận con thắm nó chưi : ),Clean,Hate
hỏi xem mấy trận này ở đâu vậy ae ?,Clean,Offensive
lê nhật trâm đi máy_bay riêng đó hả,Offensive,Clean
mấy đứa antifan lại bảo anh tao ghép ảnh đi 😌,Clean,Offensive
tiên_tri trần dần về việt nam ở nghĩa_trang bình_an,Hate,Clean
lặng,Clean,Hate
tr thanh tùngg gái ở đâu ra cơ,Offensive,Hate
tối nay sờ trim không anh độ,Clean,Hate
mới vào nghe bã chửi banh nhà_lồng chợ luôn vãi thật,Hate,Clean
gian hồ đài loan đầu sao mà kg lên tiến,Hate,Offensive
không_khí đạt chất_lượng như hôm_nay cũng nhờ sự tài_tình đảng ta ! đó mang những nhà_máy nhiệt_điện than cổ lổ sỉ từ người anh_em phương bắc về phục_vụ bà_con ! bà_con cám_ơn đảng nhà_nước chưa ?,Offensive,Clean
cực_kì thuyết_phục : 33,Clean,Offensive
xd,Clean,Offensive
cái này tao đéo đồng_ý,Clean,Hate
"tao phải qua phản_đối bọn ba_que indo nha , bác tao nhìn đẹp chai đoản hậu , lộn phúc_hậu_thế kia mà nó quất cặp môi như hai miếng thịt trâu làm thao",Hate,Offensive
chắc do đi đái quên chưa kéo quần ngoài vội quá nên kệ mẹ thế đi ra 😞,Offensive,Clean
khẩu_hiệu tuyệt_vời,Clean,Offensive
thôi đi cô cô xem hết mấy bài đăng trang này đi xem cô hùng_biện nũa hôn đảng cô đấy = ) hẹn mỹ,Clean,Hate
ae ăn tết đây ạ,Clean,Offensive
lo mà phụ mẹ giúp cha cực_kì thuyết_phục mả cha chúng_mày,Offensive,Clean
quốc_sư phải khỏe để lãnh_đạo 3 / chứ không thì 3 / biết đi đâu về đâu 😭 😭,Clean,Offensive
from thanh hoá with love . chúc bộ_tộc nghỉ lễ vv,Clean,Offensive
nể nhà_báo hoàng lân nhịn cười hay vãi . tao cười ngoác mồm . hay hơn game show nhìu,Hate,Clean
hay quá thầy ơi : ) ),Clean,Offensive
yêu xa khiến chúng_ta trưởng_thành hơn . . ! : ),Clean,Offensive
nhờ thầy mà giáo_án susan vẫn được tuyên_truyền rộng_rãi khắp cả nước 🤣 🤣,Clean,Hate
khoa ta bên hàn 1 người lây biết bn người kìa bn 10 người gì,Clean,Offensive
"á há há , army không ai giành giải best reaction mấy mẻ đâu mà la dữ = )",Clean,Offensive
khoai thị sắn,Clean,Hate
nguyễn nương ngà trần cuối tuần này ta chụp hình không,Clean,Offensive
ông nay giám vê vn không,Clean,Offensive
nguyễn thanh cẩm de bi ia chay lam,Offensive,Clean
tsb 💩,Clean,Hate
hài_lòng tao ghê : ),Clean,Offensive
đổi màu từ đỏ đậm thành nhạt hơn vì sương_gió ! nói đúng đấy chứ,Clean,Hate
thưa nhà tiên_tri biết khi nào việt_nam sẽ xóa sổ trung quốc_vậy ?,Hate,Clean
nhờ thầy mà em cảm_thấy mình không phải đứa chơi ngu nhất liên_minh,Hate,Offensive
troi ui con nay do lai_cai,Clean,Hate
doi song nay chet mai . can that voi loi noi se tot hon . ji hay ngheo tu minh bình thường khoe lay ji c d c oi,Clean,Hate
đỗ tài việt_kiều thích món thịt chó này không ? không,Offensive,Hate
lêu lêu mấy đứa fa 😂,Clean,Offensive
dạo này a lọt top show chart chỉ sau 20 du_khách hàn quốc thôi đấy . chúc_mừng a,Hate,Clean
ng hàn quốc sống thật lòng tốt mà tốt chưa thấy .,Clean,Hate
hoàng quốc hoàviết trung bữa_nay toàn thứ chi chi mô không ri !,Hate,Clean
h có_lẽ quá muộn_màng,Offensive,Hate
"cô mày . hiếu nói hòi nhỏ do nhà nghèo cô phải bỏ học bươn_chải đi hát lô_tô các thứ 😥 vậy nếu mẹ cô 100 cây vàng , thế sao phải để cô cực như_vậy ? ( tại không biết cô nói_chơi hay nói thiệt ) 😄",Offensive,Hate
mv khá chất_lượng,Clean,Hate
điên qf :,Clean,Hate
cái vấn_đề mà tấc nhiêng mà .,Clean,Hate
"bữa chưa xin dc tài_trợ từ liên_quan , h xin dc nên làm típ chăn 😌 🙄",Offensive,Hate
đi đường quyền hông,Clean,Hate
chuẩn_bị đóng thuế_oxy thôi mọi người : ),Clean,Hate
tiền đó công_khai ! ?,Clean,Hate
"hieu nguyen họ bùi ăn hết ông nội mày hả , đụ_mẹ mày lôi vào nói_chung_chung ý_thức mày cũng như con cặc",Clean,Offensive
? : d ?,Clean,Offensive
khổ thật_sự : ( (,Offensive,Hate
cà_khịa cực mạnh 🤣,Hate,Clean
mày nghỉ luôn cũng được . phát_ngôn tào_lao fan nó unfollow hết bây_giờ,Clean,Hate
"đục not "" đụt "" : 3",Offensive,Clean
huyền vy dẹp mẹ đi,Clean,Hate
phan văn_chương hôi lông cái hình đi đâu cũng đăng,Clean,Hate
gan trời = ),Clean,Hate
dlv đây chỉ trường hơp ngoại_lệ không tính : vậy,Clean,Hate
ảo_thuật,Clean,Offensive
ăn miếng coi,Clean,Hate
"sao mày ngu thế mày giỏi mày đi kêu_gọi mn xem người_ta góp mày không . mày thấy làm mệt quá à . người_ta tiền thì góp tiền , sức góp sức . còn mày cảm_thấy bất_công quá thì nghỉ con_mẹ mày đi làm từ_thiện đi . làm từ_thiện mà_lại so_sánh thiệt_hơn so so cái con cặc . mày tưởng mày bê được mấy cái thùng mì tôm mày to à",Offensive,Clean
"lê lê đọc tus không gì , đọc cmt cười ĩa : ) vậy không được đâu nha",Hate,Offensive
đến lúc nó chet lại sợ dai ra quần : ( (,Offensive,Clean
@ anh japan ☺ ️ liên_quan đến cậu sao,Offensive,Clean
mẹ tui cũng thích cô lắm á,Clean,Offensive
"bài này hoaprox mix giở , không điểm nhấn , nghe như nhạc mấy bà hát đám_cưới vậy . còn về jack hát 9,5 điểm r",Hate,Clean
ma ba vang ngoc 0907127749 mobi,Hate,Offensive
được vl anh độ ạ 😂,Hate,Clean
vì linh kháng_án lên tòa đại thẩm đến khi toà xử lại về luôn ở xứ em thiên_đường vậy đó mấy anh,Clean,Hate
a . di . da . phat . .,Offensive,Clean
tự_dưng anh mình tươi_cười áo hức thế . ủng_hộ a đi đóng qc tiếp a ơi . biểu_cảm nhiều hơn r,Hate,Clean
bà mẹ nó chửa lây người hà_nội luôn hok nói được lời gì cả con nầy hok biết nó còn hơn võ tắt_thiên nữa khẩu nghiệp nghe con đài loan linh lóc nghe nỡ mẹ kêu biệt_danh bắn nầy bắn ngọ_đồ khẩu nghiệp vậy_mà quản_cáo đi chùa xim trời phật con nầy chỉ pủi chứng nó thôi các bạn ơi hãy tẩy chai nó khỏi bán hàng onlai luôn đi cộng_đồng ơi,Clean,Offensive
thế nhìh xem dân đen chúng_ta bụng to hok,Clean,Offensive
xem bực_mình thêm,Clean,Offensive
ok a 😂 😂,Offensive,Hate
lại sống như rau_dền : ),Clean,Hate
. hí a zai,Clean,Hate
em nói thật e chưa bg cmt các page vậy_mà hà_cớ chi vô đây e lại thích ad mới chết . chắc ad ở ngoài hài_hước lắm ha . đọc sst mà cười_rụng_rốn haha,Clean,Offensive
bạn ba còn gạ bạn thơ vô to lét nữa : ),Clean,Offensive
chị dàu quá em con 10 triệu,Clean,Hate
tân_sơn nhất tấn hải . quan_ngại sâu_sắc,Hate,Clean
anh tôi anh tôi,Clean,Offensive
: (,Clean,Offensive
lê hiếu đọc cả bình_luận nữa,Hate,Clean
"dkm phat , noi nhu c",Clean,Hate
nguyễn thùy_linh : ),Clean,Hate
tấn thời bài này lần đầu nghe chả lọt taii gì cả . . nghe 2 - 3 lần thì cũng được nhưng không hay bằng mấy bài tr,Clean,Hate
bô sau khi hút thuốc_lào,Hate,Clean
"em ké tí ạ ! chuyên_mục thầm_kín chị_em phụ khang họ nguyễn 700k / 2 hộp trọn bộ đặt + uống + xông rửa . chuyên điều_trị viêm_nhiễm phụ_khoa , nấm ngứa . làm hồng se khít cô bé . liệu_trình dùng thử free ship toàn_quốc . inbox , call 📲 09848291",Offensive,Hate
trần trọng nghĩa thomas lee võ cao nhân justin bảo nguyễn nguyễn_phan tuệ thông cùng hy_vọng nào mn ơi : vậy,Clean,Hate
gắt quá ai_lại,Offensive,Hate
cường ông can à ? ! = ) ),Clean,Hate
dạo này nhìn ốm_yếu quá đi danh_hài ơi,Clean,Offensive
nam triệu nè thít hơm,Clean,Offensive
anh_em từ đây tui sẽ tạm_biệt tam kê gáy = ) ),Hate,Clean
"biết chửi không cô nương , ?",Hate,Clean
"duyên_dáng quá đi à nếu biết cô minh hiếu chắc_chắn sẽ biết tới tần đức bo meo meo , mọi người qua kênh ucra mình xem điều bất_ngờ nào . akajakkakak",Clean,Hate
"đậu mạ ! vịt nôm cái méo gì cũng có_thể xảy ra . trốn truy_nã tại địa_phương 26 năm , làm chánh văn_phòng tại địa_phương . tất_cả nhờ sự lãnh_đạo tài_tình đảng nhà_nước . dân ta cứ yên_tâm mà chết dần chết mòn đi",Clean,Hate
sao mọi người không đặt mình vào hoàn_cảnh này thì mình sẽ làm gì ? khi không tiền_bạc quyền_lực thì bạn làm được gì ? không an_ủi giúp_đỡ thì cũng bớt đi bình_luận nhé !,Clean,Hate
"dlv sẽ nói gì à ? ? : "" phản_đôôộoong ! - chỉ thế thôi nhé : vậy",Clean,Offensive
"cát linh hà đông hỏng phải thời tui đấu_thầu , thiết_kế nhé , đống sắt phế_thải , hàng quá đát đó thời trước nha , tui đang mê vụ 16 tỷ đô long thành airport thôi .",Clean,Offensive
chửi quá hay thích nhất cô minh hiếu cầm cái búa đập rất dễ_thương yêu_cầu làm tiếp phần sau,Hate,Clean
xứ tư_bản ba_que,Offensive,Clean
1 cặp : ) ),Clean,Hate
co minh hieu de thuong qua ik mai ham mo co,Clean,Offensive
chú ấy cũng bứt_rứt lương_tâm lắm rồi . .,Clean,Hate
"bò đỏ đâu ròi , tôi thấy cánh_tay các bạn nào : ) )",Clean,Hate
ý mua về kéo không lên nhưng tiếc,Clean,Hate
học_trò lol,Clean,Hate
chu ngọc khánh vân nhanh lém : vậy,Clean,Offensive
đây mới khiến nhiều người phải gục ngã nè 😍,Clean,Hate
chúc abe 20 - 10 vui_vẻ,Clean,Hate
du_học_sinh úc = ),Clean,Offensive
mãi yêu thầy ' dấu bé 3 ',Offensive,Clean
khá cayy 😂,Clean,Hate
đừng chê tiểu tiểu_😄,Clean,Hate
"trắng biến thành đen , biến thành không , không biến thành họ còn làm được chứ trắng biến thành xanh chuyện nhỏ",Offensive,Clean
from bến tre with love,Clean,Offensive
co nhiêm khong,Hate,Clean
nghe như đấm vào tai,Clean,Hate
phục_vụ quân dội bỏ stream,Hate,Offensive
"vậy_mà vẫn thua thi thi ak ,",Clean,Hate
dễ_thương xĩu i lớp diu chu cà_mo,Hate,Clean
thầy em phải hơn . nhưng ngu hơn ă 🤧,Clean,Hate
: ) ) abe lam susan 0175 de dau ik,Clean,Hate
chí quá thầy ơi,Clean,Offensive
chông chi trẻ va xinh qua,Clean,Offensive
trầm_cảm mất rồi quá mệt_mỏi tao / c gia_đình,Offensive,Hate
"chính_sách việt cộng ngu dân để trị , tài_giỏi thông_minh thì bị việt cộng bỏ_tù đúng rồi .",Offensive,Clean
một bài rất ý_nghĩa,Offensive,Hate
đợi nó chồng sinh con như âu cơ luôn đi ròi tối nhắn_tin tiếp : ),Clean,Offensive
"vietnam gioi thieu bo phim * benh nhan nguoi anh * bien dao dien , corona , dien vien uk , truong quay . vietnam .",Offensive,Clean
"lê trọng nghĩa phục làm gì bạn ? phục xong về hít bụi mịn , ăn đồ trộn hoá_chất , hộ_chiếu chỉ đi được châu phi với đông nam á như bạn hả ?",Clean,Hate
trông giống trú giể quá 😞,Hate,Clean
"nói bé thôi , đông lắm cơ : vậy",Clean,Hate
đừng đùa không khéo đem vào giảm dạy như mac lenin thì khối thằng ốm_đòn sách này 500k ít,Clean,Hate
"chửi vô_tội_vạ mà đéo biết báo từ đời_nào rồi , chỉ phạt các doanh_nghiệp mua điện nhưng lại không sử_dụng để tránh lãng_phí thôi chứ dân dùng bằng nào thu bằng đấy , toàn những con bò",Clean,Offensive
"chở vàng qua mỹ . đúng nhé chị ba chở . nhưng . không phải vàng mà bom , mìn , lựu_đạn . để nổ banh cái dòng_họ nhà thằng bê đê .",Hate,Clean
minh sang chưa bh bị như vậy : ) không mệt nổi vs mày mày yếu quá,Clean,Offensive
tức nước vỡ bờ . cả một lũ chó hại dân,Offensive,Hate
yên_tâm chính_phủ vn sẽ trả lại nhà tiên_tri,Clean,Offensive
chỉ mong việt_nam đón hè sớm một_chút : tuy nóng nhưng chết 🦠 virus,Clean,Hate
sau khi xài clear đến từ vị_trí abe,Offensive,Hate
vừa vào gr chưa làm được gì thì được làm fan cứng : ) p ? ?,Clean,Hate
bớt ảo tưỡng đi,Clean,Hate
thế các mày biết chưa,Clean,Hate
ân phan non : ) ),Clean,Offensive
"xử_lý chuyển công_tác lên tỉnh , tp : vậy",Offensive,Hate
nguyễn_vũ,Hate,Offensive
thích nghe thầy cười vl,Clean,Offensive
minh anh đến đoạn grab thì không còn nghi_ngờ gì nữa . kp hai đồng chi kiên kia . may vch .,Clean,Offensive
ổng nói lập kênh mới chứ không nói xóa_kênh cũ,Clean,Hate
avt hình ai z a ?,Clean,Offensive
căn_bản nhà nc không làm dc như thế . các chú bộ_đội hay 1 ban_ngày đi làm_vì lệnh phát ra trên đồn xuống chứ ai bão gió lũ_lụt chịu đi ăn_tiền dân nhận tiền thuế phải vậy kêu_ca gì,Clean,Offensive
thông_báo ad biết nhé hôm này giá xăng sẽ giảm mạnh nhé .,Offensive,Hate
đưa lên kiểu này khi ngày_mai nó người ra đập bỏ luôn hiểu nhé 😭,Offensive,Clean
quỳnh giao chắc bận đi bar nên không bh rep cmt chị_em : ),Clean,Offensive
dương quỳnh 😂,Clean,Hate
"anh mày thiếu nợ giang_hồ hóc_môn , mày cũng thiếu nợ không dám về việt_nam , bày đặc làm banh",Hate,Clean
doanh_nhân thành_đạt,Clean,Hate
chấp_nhận từ_bỏ,Clean,Hate
thắng từ thầy_giáo chuyển nghề thầy phù_thuỷ = ),Offensive,Clean
ngọc lành phạm xuân mai phương thảo phạm tường_vi ngọc bé phước hậu trần quốc duy phải_chi . mình cũng được vậy he cả nhà 😆,Offensive,Clean
ae nhìn kênh ba tú lần cuối,Clean,Hate
em làm fan cứng với em rất thích anh với anh hiếu lợn ạ : ' (,Clean,Offensive
mất thằng không cái nhạc dở_quoãi,Clean,Hate
bọn dầy tớ chấp chi .,Clean,Offensive
anh thích_đấu kiếm không ạ : ) ),Clean,Hate
nghe,Offensive,Hate
dạo này đồ rẻ các chú ạ : ( (,Offensive,Clean
về stream nhanh còn kịp anh ei 😂,Clean,Offensive
siêu tập_đoàn,Clean,Offensive
không lên lại hơi phí : vậy,Clean,Offensive
ủa lạc đâu ra mấy con chó này thế = ) ) tao bảo cno sống chậm thôi chứ tao bảo ông bà_già chúng mày sống chậm à mà vào sủa : ) ) ?,Clean,Offensive
ai lớp du . chu cờ mo = ),Clean,Offensive
hoàng oh men : ) ),Offensive,Clean
dep trai moi co nhieu dua yeu,Hate,Clean
thằng chụp ảnh làm này chắc cbi bị điều_tra : 3,Offensive,Hate
phương linh trend cánh hoa thây haha,Clean,Offensive
cô dễ_thương quá đi 😊 😊,Clean,Hate
tuyển ctv không ad ?,Clean,Offensive
nghe nhạc nhớ luôn,Offensive,Hate
tao cũng đi sớm,Clean,Hate
địt mẹ . rẻ rách dlv,Offensive,Hate
muốn thắng thì phải hs nghỉ,Clean,Hate
nguyễn trọng thái khi mày thích chấp_nhận đợi một ng chắc_chắn mày lzj cũng nghĩ đến ngta . kể_cả việc ib nc với ai hay rep cmt bạn khác giới cũng sợ ngta giận hiểu nhầm . con ngược_lại ng bắt mày đợi thì lại vô_tư nói_chuyện tc với ng khác liệu sự đợi_chờ đó cùng với tổn_thương kéo_dài được bao_lâu . nếu ngta thích mày thì không bjo để mày phải đợi . vì sự chờ_đợi không dành tình_yêu . nó dành sự lựa_chọn rồi,Offensive,Hate
chúc thầy 20 / 11 téc léc nha = ) ),Clean,Hate
moá .,Offensive,Clean
s riven gold : ) ),Clean,Offensive
ly ly hey homie = ) full quá homie êyy,Clean,Offensive
cột đèn,Hate,Clean
hoàng thanh trung,Hate,Clean
ước gì được như anh ấy,Clean,Offensive
dũng sỹ cút lên top dùm,Clean,Hate
cuốc sư khi nào về việt nam truyền bài thần_quyền em nha . a_men em đạo phật mà,Clean,Hate
bệnh_nhân được nhận máu sau khi nghe tin,Clean,Hate
ông_bà ta nói lửa mới khói chuyện gi qua thi đi mọi người ơi !,Hate,Offensive
từ_bỏ thiên_đường xhcnvn sang xứ tư_bản giãy_chết làm culi ! 😭 😹 🤣,Clean,Hate
hoàng thiện chưa hề chửi nha,Hate,Clean
đây mới lý_do tú chia_tay abe,Offensive,Hate
iphone rất hiểu ý : ) ),Offensive,Hate
tam_sanh cái cỏi ta bà,Clean,Offensive
"chơi gì cũng ngu , chơi ngu giỏi 😆",Clean,Hate
cô hiền qua,Offensive,Clean
giật tít vậy bất_ngờ thôi : ),Clean,Offensive
"phan lặng_yên tui nhớ không nhầm thì người nói bộ về gạc ma cóp_nhặt đủ các nơi lung_tung về thì phải . chưa tính đến việc ông lương chém gió nữa ( công_binh hải_quân không được nổ_súng trước , chứ không phải không được nổ_súng )",Hate,Offensive
mặt nhìn nét tây,Offensive,Clean
chi nói rất hay . chi làm đuoc như chi nói em ủng_hộ nha,Offensive,Hate
hiệp hữnghờ = ) ),Offensive,Hate
"trang ngoan nhớ nha mày , nhắc khéo mày nè",Clean,Offensive
tiền để_dành mua mai thuý các em streaming house .,Clean,Offensive
"không phải lổi csvn tàn_ác mà chính người vn tự nhận mình thích_thú mình con thú , lại khoái mình dân nô_lệ . ai thích mình con ông trời , giơ tay lên . thấy không , im_re",Clean,Hate
tặng em đi,Offensive,Clean
nghe 1 lần thì mình thấy không hay : ) ) nghe thêm vài lần ngẫm lời bài hát thì nghiện mẹ rồi 😌,Clean,Hate
định chê mày xấu . nhưng thôi chắc mày tự biết rồi,Clean,Offensive
bất_hạnh nhất cuộc_đời ra trường rồi mà bạn vẫn ngu_dốt . 😔 đáng buồn nghành giáo_dục,Clean,Hate
thái phan chuẩn cmnr 😂,Offensive,Clean
"tàu cộng bản_chất nó hèn ảo_tưởng sức_mạnh , võ mồm , bay_lượn y_như mấy cái phim chưởng nó thôi .",Hate,Clean
gan vđ,Clean,Offensive
đậu thị_giang huyền trang cận thận em ơi,Clean,Offensive
lý_do lớn nhất để yêu xa không phải do cô_đơn mà do bạn muốn cao hơn vài phân : ) ),Clean,Hate
nguyễn tài đi đà_nẵng nào 🤣 🤣,Clean,Hate
nhớ dắt susan va poppy theo nha_thầy,Offensive,Hate
từ clip này em fan chế,Clean,Offensive
thốn = ) ),Clean,Hate
ngô phước minh mặt thầy tựa tựa binz sao sao ấy nào như tao không ?,Hate,Clean
phần cuối bonus thêm cả nghệ_thuật bôi c * tao mũi : ) ),Clean,Hate
phát_biểu nguu vãi,Hate,Clean
"hi_sinh thầm_lặng mấy thằng sếp nó đứng đằng xa , nó cũng phần chia chát đó rồi còn gì bạn ! tôi muốn cứ 3km lại 1 trạm bắn tốc_độ công_khai , hoặc gắn camera . như thế dân sẽ sợ tự_giác chấp_hành hơn . còn cái thể_loại núp lùm ăn_tiền thế này ai khen nổi mà đăng bài chia_sẻ với cả động_viên !",Clean,Offensive
một học_kì đầy sóng_gió với abe,Offensive,Clean
minh lê,Clean,Hate
"một cô bé chợt nhận ra tóc mọc giữa hai chân . cô ấy lo_lắng chạy đi hỏi mẹ về đống tóc đó . mẹ cô ôn_tồn giãi thích phần tóc đó tên khỉ , hãy tự_hào con khỉ con mọc tóc . "" cô bé cười . vào bữa tối cô nói với người chị "" khỉ em mọc tóc rồi ! "" . cô chị cười nói : "" chưa gì đâu , khỉ tao còn ăn chuối rồi cơ : ) )",Offensive,Clean
tối qua hẹn nay ra vlog nhưng hóng mãi vẫn chưa : ( (,Hate,Clean
chị chị đẹp,Hate,Offensive
nhã phương giờ canh hoa trend bây_giờ đó,Clean,Offensive
tu pham,Clean,Hate
toàn cocc làm thôi,Clean,Hate
lá_cải,Clean,Offensive
được ló = ),Clean,Hate
trương đình thi lúc đầu chưa chơi bị sp chửi ? xong feed dần thế_là feed luôn,Hate,Clean
ăn tết ngon : ) ),Clean,Hate
i love u_chucamo,Offensive,Clean
thế nên phải được nghỉ học thêm tháng nữa = ) ),Clean,Hate
nguyễn đông trẻ trâu biết gì,Clean,Hate
chị tiền thế sao không đi thẩm_mỹ_viện đi ak ! !,Hate,Clean
tận_lực tận_tâm với nghề,Clean,Hate
nước đi hay đấy,Clean,Hate
kha_khá nhung,Offensive,Clean
"trần dần ăn tục , nói khoét hắn đóan được vận_mệnh , tương_lai thì nay hắn giàu to rồi , chứ đâu phải xách cần đi câu cơm , lẻ hắn bị ( bệnh tâm_thần ) .",Offensive,Clean
"càng đọc càng tức con quỷ đó . bây giơ vì nó bao nhiu ng chuẩn_bị thất_nghiệp , người gia thì lo_sợ hoang_mang , bao nhiu chủ doanh_nghiệp đợt này tiu luôn . thứ gì đâu ak",Offensive,Clean
nhiều tiền mới người thành_công : ) ) \,Clean,Offensive
haha lua dao người_ta rồi sợ chạy wa nước_ngoài jo lên nói fet,Clean,Hate
"hiếu ơi hiện kênh con lisao chửi cả dân_tộc việt nam ngu vì ăn mắm thúi , em lên dạy_dỗ nó bài_học đi em , bức_xúc quá . cảm_ơn em .",Clean,Hate
love you,Clean,Offensive
hihi,Hate,Clean
ck tham kim dep choai qa,Clean,Hate
thầy phải thay petland mới hợp,Offensive,Hate
5 điều bác hồ dạy : khiêm_tốn thật_thà dũng_cảm .,Clean,Hate
giống loài loan luân la vây,Clean,Offensive
minh anh mai không sao về đây anh ơi,Offensive,Clean
tùng rey cũng gần tới mày rồi đó coi_chừng nhen,Clean,Hate
"lê thúy duy em dâu tăng thanh hà đây ạ , ngon vl = )",Clean,Offensive
nguyễn hoàng cẩm ly xem_lại vẫn buồn_cười,Clean,Hate
"ô_nhiễm do không rửa đường nhé , khi nào ô_nhiễm môi_trường do dân thủ_đô đi ngủ không rửa chân_không các bác nhỉ",Hate,Clean
quả dày cá_sấu made in cao bằng : vậy,Offensive,Clean
trung thầy giá thẻ bài,Clean,Hate
"nếu ông này đem thử_nghiệm rồi chết vì tai_nạn . thằng chó ad lại bảo : cơ_quan nhà_nước không quản_lí , theo_dõi để người dân chết vì phát_minh mình . ex",Clean,Hate
bu phạm nhớ nha : ),Clean,Hate
haha lạy mấy mẹ,Offensive,Clean
vũ thanh huyền khi bạn cmt nhưng lại quên lắp não : vậy,Clean,Hate
lên top 1 trending đê chị e ơi,Clean,Offensive
trương duy lz mẹ,Clean,Offensive
thi đéo làm được bài mà nhìn mặt lão độ đéo nhịn cười được . ae ai như t_k,Clean,Hate
be careful : ) ),Clean,Offensive
muaha,Clean,Offensive
14 : 41 nói gì nói hát cải_lương vẫn không quên con 3 dàng ngọc,Hate,Clean
đẹp_trai tài_năng tư_duy đỉnh cả đỉnh thầy dell nha các em thầy rất tỉnh với thầy hát rất hây nha các em,Clean,Hate
co ba oi ke nguoi ta di_con day ngheo lam doan loto kho lam sdt con que con ben tre 0347569004,Clean,Hate
ok anh,Hate,Offensive
không cap nhanh trang vào đọc được thì không xịt phát lào,Clean,Hate
sao tăng hoài zậy 😢,Clean,Offensive
trúng ga r bán đi lấy tiền build case chăng,Clean,Offensive
zấn đề mình phải ở chong nhà . mún đi đâu thì phải đi . .,Offensive,Clean
cập nhập 4p sau : ),Clean,Offensive
đúng a ưi ^ ^,Clean,Offensive
@ phương vo nói cl gì z mẹ . nói mà để ng ta từ_chối hiểu hay gì á,Clean,Hate
chị giàu lòng vị_tha : ) ),Clean,Hate
nanaa,Clean,Hate
phạm thị kim_tuyến không sau 10h30 ok,Hate,Offensive
tết về trên xóm nhỏ,Clean,Hate
em chào chị dễ_thương,Offensive,Hate
"huyền khánh phùng 1 điều em rất thắc_mắc không biết chị quan hẹ ntn vs anh độ . vì xưa_nay không thấy ảnh nhắc về chị ảnh chỉ nói 1 ng anh_trai thoi . em biết đây điều không nên hỏi nhưng em khá tò_mò , chị có_thể trả_lời hoặc không cũng được ạ",Hate,Clean
thảo minh = ),Offensive,Hate
thượng đẳng gì mà chậm quá trend này việt_nam làm biết bao_lâu rồi 🙊,Clean,Offensive
nhẹ_nhàng đầy tình_cảm,Offensive,Clean
ở nhà tránh con di_chùng : vậy,Clean,Offensive
nope,Offensive,Clean
không phải ai đi châu âu quay về cũng để cứu nước 🙂,Hate,Offensive
9318902,Offensive,Clean
atm cao_lãnh,Offensive,Clean
thư minh vào nghe nhạc anh mèo bạn nào đấy đi cậu 🙂,Clean,Offensive
học_bổng gấp,Clean,Offensive
món quà năm mới thầy dành chuột 😀 riot sẽ buff chuột mạnh_tay,Clean,Hate
é hẹ hẹ sặc quâ bô ơi 😵,Clean,Hate
cứ như thế này thì duyệt mẹ đi nhanh 😀,Hate,Clean
cứ tiền muốn lz cũg được à : ) ),Offensive,Clean
oy táo thì lại sướng : ) ),Clean,Offensive
dễ_thương quá cô yêuu ơi . ai lớp du chu cà mo ❤,Clean,Hate
dẹp quá chị hiếu oi,Clean,Offensive
hát dỡ mà hát hoài đuỹ khùng vàbg mã,Clean,Offensive
thôi ngủ xem gì giờ này nữa abe,Clean,Hate
tuần sau mình đi ăn burn real đi thiên khánh cao tuyet nhung dang trâu con le mynhut,Clean,Hate
"nên mua các bạn à , điện_thoại sài tốt phết đấy",Offensive,Hate
nhìn cute thế anh,Clean,Hate
cực_kì thuyết_phục 😔,Offensive,Clean
trông bần bần da đen thế thôi chớ thật_ra bần thật anh ạ . .,Clean,Hate
chụt chụt = ( ( buồn nhung,Offensive,Hate
tấu hài cực mạnh : ) ),Hate,Offensive
biết vì_sao cnxh xếp sau_cùng các hình_thái kinh_tế thế_giới không ? vì nước nào áp_dụng nó sẽ bị diệt_vong cmnr còn tồn_tại đâu mà áp_dụng hình_thái kinh_tế khác .,Offensive,Clean
video này nằm tập bn vậy ông,Clean,Hate
fan cứng nha,Hate,Clean
địt mẹ lại còn 1 1 với supper fake . nói mẹ ra fake đi,Clean,Offensive
mới sắm quả cốc siu đẹp tộc_trưởng : 3,Clean,Hate
wow,Clean,Hate
b52 thích láy máy_bay bà_già = ) ),Offensive,Hate
địt mẹ in cái băng_rôn mất mẹ 1m2 rồi : (,Clean,Hate
nguyễn văn hiệu,Clean,Offensive
team toàn game thủ cụt tay hả thầy : ) ),Clean,Hate
link luôn nè anh_em,Offensive,Clean
không phải thầy em đâu,Hate,Clean
em cũng vậy nhà em nghèo hông gì ăn 😢,Offensive,Clean
: ( ( nó lại 1 câu chx khác anh ạ,Hate,Offensive
mong nhiệm_kỳ sau ptt làm_chủ_tịch nước hợp_lý hơn,Clean,Hate
lựa cái đầu buồi abe nè,Offensive,Clean
cá chết do đéo biết bơi thế thôi cũng họp : ),Clean,Offensive
okey thầy ei,Hate,Offensive
"chu gia_bảo chưa đi làm à ? nghỉ_phép thì việt nam mình cũng , 1 năm tuỳ công_ty 14 hoặc 15 ngày nghỉ_phép ( annual leaves ) . nghỉ như này vẫn được tính lương như_thường .",Clean,Offensive
gì sống chậm thoi các con vợ : ),Clean,Offensive
nghe vẻ pewpew nhưng thực_ra mixi,Hate,Clean
tặng ae sub 10 hộp khô gà vs da heo chiên đi chứ 🙄,Clean,Offensive
anh độ chiết lí 😂,Clean,Offensive
"tập này hay xuất_sắc luôn , cảm_ơn mcv , cảm_ơn ê - kíp come out . mình thật_sự rất mến_mộ chị minh hiếu , cả lâm khánh chi minh tuân nữa ạ ! sáng giờ coi muốn cháy máy luôn vậy đó ! hihi .",Clean,Offensive
bài này hay đúng 👍,Clean,Hate
like đầu thầy ơi,Clean,Hate
tham_gia < 3,Clean,Hate
dc thực_sự a ơi mãi hp đến răng long đầu bạc a ơi,Clean,Hate
nói cứ truất làm_sao í 😆,Clean,Offensive
hết hàn xẻng rồi tới italy,Clean,Offensive
xin được gởi lời chào tới hổ ca ca . tấc nhiêng hổ ca ca luôn_luôn idol lòng em . tấc nhiêng hổ ca ca hiện_nay đang danh_hài ăn_khách nhất trên du tu be . tấc nhiêng hổ ca ca cũng nhân_vật phản_diện đáng iêu nhất hệ mặt_trời . tấc nhiêng hổ ca ca súng nhưng vô_hại 😄,Hate,Clean
bắt thằng nào bảo bình_thường ăn cá chết,Clean,Hate
sau_này cố mà thành ông này bà nọ em ạ . không làm được gì ăn chửi ngập mặt : ) ),Clean,Hate
cộng_sản nói về trần dần,Clean,Offensive
chi em ma chui lon ke nguoi ta nghe nguoi ta cuoi hay_ho gi,Clean,Offensive
đi lang_thang vu_vơ mà cũng gặp nhà chó quyền : ) ~ chịu_thua,Clean,Offensive
abe muôn_năm 😂,Hate,Clean
"biết_bao_nhiêu vụ đi bắt người bị quay xong bảo bắt_bớ dân lành ? thì địt mẹ bây_giờ ca nó chờ đủ hết mọi thủ_tục cần_thiết nó mới dám bắt chứ không thì địt mẹ "" cư_dân mạng "" chửi sml ra à ?",Clean,Hate
giang_sơn nói không ý gì,Clean,Offensive
tổ sử mấy thằng này chỉ bênh_vực nhau . thế_nào gạt tay ? ? lỡ như thằng nhà_báo nó đấm vỡ mõm thằng ca xong nó bảo chỉ gạt tay thì xử thằng nhà_báo không ? ? toàn làm_trò_hề thôi bọn ca chó này ! !,Clean,Hate
"toi dong y voi ong tran_dan su that dung nhu vay , chinh toi cung co suy nghi tu luc moi bat dau vi khuan moi lan tran o trung quoc , toi không phai la nha tien tri nhung toi co mot giac quan thu 6 , toi chi cau xin on tren phu do the gioi som binh an ,",Offensive,Clean
liên_quan gì đến mấy đứa đấy không ? ? 🙃 🙃,Clean,Offensive
sử_dụng tuyệt_chiêu_bổn môn tam kê gáy đi thầy iu 😅,Hate,Clean
được vl ah ưi,Offensive,Clean
tuyết hằng như teddy nguyễn_dương,Hate,Clean
tphcm chợ_nổi,Clean,Hate
sông quá thì không cá,Clean,Hate
nguyen thanh nhan haha,Clean,Hate
duanhuaditron clgt : vậy,Clean,Hate
abe toàn nói_điêu,Hate,Clean
qđ ít lien quan lắm,Clean,Offensive
nghe thấy mà chán jack vào kicm rời xa sai_lầm cả 2,Hate,Clean
"ai đi thi trời mưa phòng dột , kính nhưng kính chỉ khung r ướt hết tờ tô kết_quả như tui không = )",Clean,Hate
chắc đang bị ngạt_mũi nên mở mồm ra thở đấy mà : vậy,Clean,Hate
nguyễn đức thắngg,Hate,Clean
oh,Clean,Hate
"cô ba chở vàng qua mỹ : ) ) nghe hư_cấu vl , mày vào xem ký_sự 30 / 4 đi nhé",Offensive,Hate
hay quá chị,Clean,Hate
góp vui ạ 🤣,Clean,Hate
lan trinh á,Clean,Offensive
"thích bị hôn chuẩn , nghe thật chứ chưa được nữa bài tắt luôn ,",Hate,Clean
cực_kì thuyết được ló,Offensive,Hate
hay vc,Offensive,Clean
hôm nào anh lân hỏi cụ dần hát được quốc_ca chxhcnvn không ?,Hate,Clean
ông nào thất_tình thì gặp nhà tâm_lý vĩnh thâm kim nhé đảm_bảo cừ ỉa,Hate,Clean
lại gặp danh_hài trần dần nua 🤪,Hate,Clean
đúng ydol 😅,Hate,Clean
a tôi,Clean,Hate
tt trump nói như_vậy do tiên_tri dần tham_mưu phát_hiện,Clean,Hate
trần cường vãi chưởng : ) ),Hate,Clean
: ) ) củ_cải : ) ),Hate,Clean
tuấn nguyễn xem cách_ly đi a,Clean,Offensive
vy vy min bắt trend nhah quá 😆 😆,Hate,Offensive
trung tấu hài,Clean,Offensive
anh nguyen phải con hnay e c xem không nhờ ? : ),Clean,Offensive
nà ní 🤣 🤣,Clean,Hate
vậy miền trung không học à : ),Clean,Hate
thế từ nhỏ mình biết trend 2020 rồi cơ à nguyễn thị thuý quyên,Clean,Offensive
sắp tè le hột me hết r chứ ở đó mà tính hàng chục,Hate,Clean
"lắng xuống vì báo đài không đưa tin nữa , chứ nóng thì vẫn nóng nào giờ : (",Clean,Hate
"hợp_đồng dcs với tàu thôi nhá , đéo phải dân .",Clean,Hate
trung đái_dầm,Clean,Hate
tiền phòng_dịch nhà_nước đang dùng ba nó góp thuế không ít đâu bạn .,Hate,Clean
balight liên_minh susan hay hơn 😂,Offensive,Clean
anh ba tới ngay,Clean,Hate
nguyễn hoàng sơn vào mà xem này,Offensive,Hate
tuần này sói đưa ông_già đi thái nên nghỉ stream à : ),Clean,Hate
a ơi e muốn mua dép a thì như nào ạ ?,Clean,Hate
tên vợ tao ❤ ️ 🤪,Offensive,Clean
lúc_nào đi gank cũng đem giáo_án nâng_cấp băng_giá_cả,Hate,Clean
mình lên fc lâu r mà nó lại gửi tb fc tuần này như nào ? ?,Clean,Offensive
"tui thích bà này , nói_chuyện thẳng_thắn không màu_mè .",Hate,Clean
lúc nó đi ngược chiều nó tông rồi kêu chó vàng giúp . quyền_lợi thì muốn mà còn pháp_luật thì không muốn tuân_thủ,Clean,Offensive
nguyễn phương đấm,Offensive,Clean
sống chậm,Clean,Offensive
nguyễn nam hà abe cái quần xanh bén quá bén 😂,Clean,Hate
@ kỹ_năng sinh_tồn ngáo đá hả bạn làm gì bn chưa mà chửi người_ta,Clean,Hate
"page thối_nát . . : ) ) cứ ông_ổng như lợn rống . . giỏi về đây mà cách_mạng , tao theo . . : ) )",Clean,Hate
trao học_bổng trò này,Clean,Offensive
"mùa đông quảng_cáo áo cộc tay , nghe hợp_lí : ( (",Hate,Offensive
chú này được,Clean,Hate
mày biết ass gì không ?,Clean,Hate
chán không thèm nói !,Clean,Hate
kg chị một ngàn đô lận đó nhe,Hate,Clean
xạo thặc,Offensive,Hate
anh_em bắc mà bớ được thì được đập mặt xây lại ít,Clean,Offensive
thùy linh trịnh lan trinh hoặc lin da,Offensive,Hate
gfh,Clean,Hate
iu cô gái khơ me hàm_răng trắng tác cái l * * đen_thui 🙏 🙏,Clean,Hate
thầy ba các e đây = ),Hate,Clean
tóc ăn đồ cức đẹp quá anh tộc ơi : ) ),Offensive,Hate
chị tao đẹp gái qá .,Clean,Hate
ý_thức như kặc .,Clean,Offensive
con linh loc nay chat kiep sau no moi noi chuyen dang hoang lai .,Clean,Offensive
lâm bách anh van_kiều ánh hảianh trần nguyễn mày . cường các bạn ai đi nào : vậy,Clean,Hate
"nó không cộng điểm , mà nó thí_sinh rớt bớt thôi , bà chị gặp vụ này r : ) thi điểm_cao vẫn rớt nhé",Clean,Offensive
cay_vl,Hate,Clean
cô hiếu đẹp quá à . lớp du chu cà_mo,Hate,Offensive
như_vậy được coi sống chậm chưa,Hate,Clean
😅,Hate,Clean
bác cùng đi với cả nước thì khó_khăn nào cũng vượt qua được ạ,Offensive,Hate
du me may,Clean,Hate
an hạ_nè đọc review phim ik coi đúng e nói không,Hate,Offensive
em đẹp quá em ơi . em chồng chưa_vậy,Hate,Offensive
dân_tộc việt_nam vẫn luôn bên bác chỉ cần nhân_dân ta đoàn_kết đồng_lòng sẽ vượt qua cơn hoạn_nạn này thôi,Clean,Hate
chắc ổng còn chưa biết fan real vs fan barca 1 thời đấy : ),Clean,Hate
